captcha_1_0.png,0
captcha_1_1.png,0
captcha_1_10.png,0
captcha_1_100.png,0
captcha_1_101.png,0
captcha_1_102.png,0
captcha_1_103.png,0
captcha_1_104.png,0
captcha_1_105.png,0
captcha_1_106.png,0
captcha_1_107.png,0
captcha_1_108.png,0
captcha_1_109.png,0
captcha_1_11.png,0
captcha_1_110.png,0
captcha_1_111.png,0
captcha_1_112.png,0
captcha_1_113.png,0
captcha_1_114.png,0
captcha_1_115.png,0
captcha_1_116.png,0
captcha_1_117.png,0
captcha_1_118.png,0
captcha_1_119.png,0
captcha_1_12.png,0
captcha_1_120.png,0
captcha_1_121.png,0
captcha_1_122.png,0
captcha_1_123.png,0
captcha_1_124.png,0
captcha_1_125.png,0
captcha_1_126.png,0
captcha_1_13.png,0
captcha_1_14.png,0
captcha_1_15.png,0
captcha_1_16.png,0
captcha_1_17.png,0
captcha_1_18.png,0
captcha_1_19.png,0
captcha_1_2.png,0
captcha_1_20.png,0
captcha_1_21.png,0
captcha_1_22.png,0
captcha_1_23.png,0
captcha_1_24.png,0
captcha_1_25.png,0
captcha_1_26.png,0
captcha_1_27.png,0
captcha_1_28.png,0
captcha_1_29.png,0
captcha_1_3.png,0
captcha_1_30.png,0
captcha_1_31.png,0
captcha_1_32.png,0
captcha_1_33.png,0
captcha_1_34.png,0
captcha_1_35.png,0
captcha_1_36.png,0
captcha_1_37.png,0
captcha_1_38.png,0
captcha_1_39.png,0
captcha_1_4.png,0
captcha_1_40.png,0
captcha_1_41.png,0
captcha_1_42.png,0
captcha_1_43.png,0
captcha_1_44.png,0
captcha_1_45.png,0
captcha_1_46.png,0
captcha_1_47.png,0
captcha_1_48.png,0
captcha_1_49.png,0
captcha_1_5.png,0
captcha_1_50.png,0
captcha_1_51.png,0
captcha_1_52.png,0
captcha_1_53.png,0
captcha_1_54.png,0
captcha_1_55.png,0
captcha_1_56.png,0
captcha_1_57.png,0
captcha_1_58.png,0
captcha_1_59.png,0
captcha_1_6.png,0
captcha_1_60.png,0
captcha_1_61.png,0
captcha_1_62.png,0
captcha_1_63.png,0
captcha_1_64.png,0
captcha_1_65.png,0
captcha_1_66.png,0
captcha_1_67.png,0
captcha_1_68.png,0
captcha_1_69.png,0
captcha_1_7.png,0
captcha_1_70.png,0
captcha_1_71.png,0
captcha_1_72.png,0
captcha_1_73.png,0
captcha_1_74.png,0
captcha_1_75.png,0
captcha_1_76.png,0
captcha_1_77.png,0
captcha_1_78.png,0
captcha_1_79.png,0
captcha_1_8.png,0
captcha_1_80.png,0
captcha_1_81.png,0
captcha_1_82.png,0
captcha_1_83.png,0
captcha_1_84.png,0
captcha_1_85.png,0
captcha_1_86.png,0
captcha_1_87.png,0
captcha_1_88.png,0
captcha_1_89.png,0
captcha_1_9.png,0
captcha_1_90.png,0
captcha_1_91.png,0
captcha_1_92.png,0
captcha_1_93.png,0
captcha_1_94.png,0
captcha_1_95.png,0
captcha_1_96.png,0
captcha_1_97.png,0
captcha_1_98.png,0
captcha_1_99.png,0
captcha_2_0.png,1
captcha_2_1.png,1
captcha_2_10.png,1
captcha_2_100.png,1
captcha_2_101.png,1
captcha_2_102.png,1
captcha_2_103.png,1
captcha_2_104.png,1
captcha_2_105.png,1
captcha_2_106.png,1
captcha_2_107.png,1
captcha_2_108.png,1
captcha_2_109.png,1
captcha_2_11.png,1
captcha_2_110.png,1
captcha_2_111.png,1
captcha_2_112.png,1
captcha_2_113.png,1
captcha_2_114.png,1
captcha_2_115.png,1
captcha_2_116.png,1
captcha_2_117.png,1
captcha_2_118.png,1
captcha_2_119.png,1
captcha_2_12.png,1
captcha_2_120.png,1
captcha_2_121.png,1
captcha_2_13.png,1
captcha_2_14.png,1
captcha_2_15.png,1
captcha_2_16.png,1
captcha_2_17.png,1
captcha_2_18.png,1
captcha_2_19.png,1
captcha_2_2.png,1
captcha_2_20.png,1
captcha_2_21.png,1
captcha_2_22.png,1
captcha_2_23.png,1
captcha_2_24.png,1
captcha_2_25.png,1
captcha_2_26.png,1
captcha_2_27.png,1
captcha_2_28.png,1
captcha_2_29.png,1
captcha_2_3.png,1
captcha_2_30.png,1
captcha_2_31.png,1
captcha_2_32.png,1
captcha_2_33.png,1
captcha_2_34.png,1
captcha_2_35.png,1
captcha_2_36.png,1
captcha_2_37.png,1
captcha_2_38.png,1
captcha_2_39.png,1
captcha_2_4.png,1
captcha_2_40.png,1
captcha_2_41.png,1
captcha_2_42.png,1
captcha_2_43.png,1
captcha_2_44.png,1
captcha_2_45.png,1
captcha_2_46.png,1
captcha_2_47.png,1
captcha_2_48.png,1
captcha_2_49.png,1
captcha_2_5.png,1
captcha_2_50.png,1
captcha_2_51.png,1
captcha_2_52.png,1
captcha_2_53.png,1
captcha_2_54.png,1
captcha_2_55.png,1
captcha_2_56.png,1
captcha_2_57.png,1
captcha_2_58.png,1
captcha_2_59.png,1
captcha_2_6.png,1
captcha_2_60.png,1
captcha_2_61.png,1
captcha_2_62.png,1
captcha_2_63.png,1
captcha_2_64.png,1
captcha_2_65.png,1
captcha_2_66.png,1
captcha_2_67.png,1
captcha_2_68.png,1
captcha_2_69.png,1
captcha_2_7.png,1
captcha_2_70.png,1
captcha_2_71.png,1
captcha_2_72.png,1
captcha_2_73.png,1
captcha_2_74.png,1
captcha_2_75.png,1
captcha_2_76.png,1
captcha_2_77.png,1
captcha_2_78.png,1
captcha_2_79.png,1
captcha_2_8.png,1
captcha_2_80.png,1
captcha_2_81.png,1
captcha_2_82.png,1
captcha_2_83.png,1
captcha_2_84.png,1
captcha_2_85.png,1
captcha_2_86.png,1
captcha_2_87.png,1
captcha_2_88.png,1
captcha_2_89.png,1
captcha_2_9.png,1
captcha_2_90.png,1
captcha_2_91.png,1
captcha_2_92.png,1
captcha_2_93.png,1
captcha_2_94.png,1
captcha_2_95.png,1
captcha_2_96.png,1
captcha_2_97.png,1
captcha_2_98.png,1
captcha_2_99.png,1
captcha_3_0.png,2
captcha_3_1.png,2
captcha_3_10.png,2
captcha_3_100.png,2
captcha_3_101.png,2
captcha_3_102.png,2
captcha_3_103.png,2
captcha_3_104.png,2
captcha_3_105.png,2
captcha_3_106.png,2
captcha_3_107.png,2
captcha_3_108.png,2
captcha_3_109.png,2
captcha_3_11.png,2
captcha_3_110.png,2
captcha_3_111.png,2
captcha_3_112.png,2
captcha_3_113.png,2
captcha_3_114.png,2
captcha_3_115.png,2
captcha_3_116.png,2
captcha_3_117.png,2
captcha_3_118.png,2
captcha_3_12.png,2
captcha_3_13.png,2
captcha_3_14.png,2
captcha_3_15.png,2
captcha_3_16.png,2
captcha_3_17.png,2
captcha_3_18.png,2
captcha_3_19.png,2
captcha_3_2.png,2
captcha_3_20.png,2
captcha_3_21.png,2
captcha_3_22.png,2
captcha_3_23.png,2
captcha_3_24.png,2
captcha_3_25.png,2
captcha_3_26.png,2
captcha_3_27.png,2
captcha_3_28.png,2
captcha_3_29.png,2
captcha_3_3.png,2
captcha_3_30.png,2
captcha_3_31.png,2
captcha_3_32.png,2
captcha_3_33.png,2
captcha_3_34.png,2
captcha_3_35.png,2
captcha_3_36.png,2
captcha_3_37.png,2
captcha_3_38.png,2
captcha_3_39.png,2
captcha_3_4.png,2
captcha_3_40.png,2
captcha_3_41.png,2
captcha_3_42.png,2
captcha_3_43.png,2
captcha_3_44.png,2
captcha_3_45.png,2
captcha_3_46.png,2
captcha_3_47.png,2
captcha_3_48.png,2
captcha_3_49.png,2
captcha_3_5.png,2
captcha_3_50.png,2
captcha_3_51.png,2
captcha_3_52.png,2
captcha_3_53.png,2
captcha_3_54.png,2
captcha_3_55.png,2
captcha_3_56.png,2
captcha_3_57.png,2
captcha_3_58.png,2
captcha_3_59.png,2
captcha_3_6.png,2
captcha_3_60.png,2
captcha_3_61.png,2
captcha_3_62.png,2
captcha_3_63.png,2
captcha_3_64.png,2
captcha_3_65.png,2
captcha_3_66.png,2
captcha_3_67.png,2
captcha_3_68.png,2
captcha_3_69.png,2
captcha_3_7.png,2
captcha_3_70.png,2
captcha_3_71.png,2
captcha_3_72.png,2
captcha_3_73.png,2
captcha_3_74.png,2
captcha_3_75.png,2
captcha_3_76.png,2
captcha_3_77.png,2
captcha_3_78.png,2
captcha_3_79.png,2
captcha_3_8.png,2
captcha_3_80.png,2
captcha_3_81.png,2
captcha_3_82.png,2
captcha_3_83.png,2
captcha_3_84.png,2
captcha_3_85.png,2
captcha_3_86.png,2
captcha_3_87.png,2
captcha_3_88.png,2
captcha_3_89.png,2
captcha_3_9.png,2
captcha_3_90.png,2
captcha_3_91.png,2
captcha_3_92.png,2
captcha_3_93.png,2
captcha_3_94.png,2
captcha_3_95.png,2
captcha_3_96.png,2
captcha_3_97.png,2
captcha_3_98.png,2
captcha_3_99.png,2
captcha_4_0.png,3
captcha_4_1.png,3
captcha_4_10.png,3
captcha_4_100.png,3
captcha_4_101.png,3
captcha_4_102.png,3
captcha_4_103.png,3
captcha_4_104.png,3
captcha_4_105.png,3
captcha_4_106.png,3
captcha_4_107.png,3
captcha_4_108.png,3
captcha_4_109.png,3
captcha_4_11.png,3
captcha_4_110.png,3
captcha_4_111.png,3
captcha_4_112.png,3
captcha_4_113.png,3
captcha_4_114.png,3
captcha_4_115.png,3
captcha_4_12.png,3
captcha_4_13.png,3
captcha_4_14.png,3
captcha_4_15.png,3
captcha_4_16.png,3
captcha_4_17.png,3
captcha_4_18.png,3
captcha_4_19.png,3
captcha_4_2.png,3
captcha_4_20.png,3
captcha_4_21.png,3
captcha_4_22.png,3
captcha_4_23.png,3
captcha_4_24.png,3
captcha_4_25.png,3
captcha_4_26.png,3
captcha_4_27.png,3
captcha_4_28.png,3
captcha_4_29.png,3
captcha_4_3.png,3
captcha_4_30.png,3
captcha_4_31.png,3
captcha_4_32.png,3
captcha_4_33.png,3
captcha_4_34.png,3
captcha_4_35.png,3
captcha_4_36.png,3
captcha_4_37.png,3
captcha_4_38.png,3
captcha_4_39.png,3
captcha_4_4.png,3
captcha_4_40.png,3
captcha_4_41.png,3
captcha_4_42.png,3
captcha_4_43.png,3
captcha_4_44.png,3
captcha_4_45.png,3
captcha_4_46.png,3
captcha_4_47.png,3
captcha_4_48.png,3
captcha_4_49.png,3
captcha_4_5.png,3
captcha_4_50.png,3
captcha_4_51.png,3
captcha_4_52.png,3
captcha_4_53.png,3
captcha_4_54.png,3
captcha_4_55.png,3
captcha_4_56.png,3
captcha_4_57.png,3
captcha_4_58.png,3
captcha_4_59.png,3
captcha_4_6.png,3
captcha_4_60.png,3
captcha_4_61.png,3
captcha_4_62.png,3
captcha_4_63.png,3
captcha_4_64.png,3
captcha_4_65.png,3
captcha_4_66.png,3
captcha_4_67.png,3
captcha_4_68.png,3
captcha_4_69.png,3
captcha_4_7.png,3
captcha_4_70.png,3
captcha_4_71.png,3
captcha_4_72.png,3
captcha_4_73.png,3
captcha_4_74.png,3
captcha_4_75.png,3
captcha_4_76.png,3
captcha_4_77.png,3
captcha_4_78.png,3
captcha_4_79.png,3
captcha_4_8.png,3
captcha_4_80.png,3
captcha_4_81.png,3
captcha_4_82.png,3
captcha_4_83.png,3
captcha_4_84.png,3
captcha_4_85.png,3
captcha_4_86.png,3
captcha_4_87.png,3
captcha_4_88.png,3
captcha_4_89.png,3
captcha_4_9.png,3
captcha_4_90.png,3
captcha_4_91.png,3
captcha_4_92.png,3
captcha_4_93.png,3
captcha_4_94.png,3
captcha_4_95.png,3
captcha_4_96.png,3
captcha_4_97.png,3
captcha_4_98.png,3
captcha_4_99.png,3
captcha_5_0.png,4
captcha_5_1.png,4
captcha_5_10.png,4
captcha_5_100.png,4
captcha_5_101.png,4
captcha_5_102.png,4
captcha_5_11.png,4
captcha_5_12.png,4
captcha_5_13.png,4
captcha_5_14.png,4
captcha_5_15.png,4
captcha_5_16.png,4
captcha_5_17.png,4
captcha_5_18.png,4
captcha_5_19.png,4
captcha_5_2.png,4
captcha_5_20.png,4
captcha_5_21.png,4
captcha_5_22.png,4
captcha_5_23.png,4
captcha_5_24.png,4
captcha_5_25.png,4
captcha_5_26.png,4
captcha_5_27.png,4
captcha_5_28.png,4
captcha_5_29.png,4
captcha_5_3.png,4
captcha_5_30.png,4
captcha_5_31.png,4
captcha_5_32.png,4
captcha_5_33.png,4
captcha_5_34.png,4
captcha_5_35.png,4
captcha_5_36.png,4
captcha_5_37.png,4
captcha_5_38.png,4
captcha_5_39.png,4
captcha_5_4.png,4
captcha_5_40.png,4
captcha_5_41.png,4
captcha_5_42.png,4
captcha_5_43.png,4
captcha_5_44.png,4
captcha_5_45.png,4
captcha_5_46.png,4
captcha_5_47.png,4
captcha_5_48.png,4
captcha_5_49.png,4
captcha_5_5.png,4
captcha_5_50.png,4
captcha_5_51.png,4
captcha_5_52.png,4
captcha_5_53.png,4
captcha_5_54.png,4
captcha_5_55.png,4
captcha_5_56.png,4
captcha_5_57.png,4
captcha_5_58.png,4
captcha_5_59.png,4
captcha_5_6.png,4
captcha_5_60.png,4
captcha_5_61.png,4
captcha_5_62.png,4
captcha_5_63.png,4
captcha_5_64.png,4
captcha_5_65.png,4
captcha_5_66.png,4
captcha_5_67.png,4
captcha_5_68.png,4
captcha_5_69.png,4
captcha_5_7.png,4
captcha_5_70.png,4
captcha_5_71.png,4
captcha_5_72.png,4
captcha_5_73.png,4
captcha_5_74.png,4
captcha_5_75.png,4
captcha_5_76.png,4
captcha_5_77.png,4
captcha_5_78.png,4
captcha_5_79.png,4
captcha_5_8.png,4
captcha_5_80.png,4
captcha_5_81.png,4
captcha_5_82.png,4
captcha_5_83.png,4
captcha_5_84.png,4
captcha_5_85.png,4
captcha_5_86.png,4
captcha_5_87.png,4
captcha_5_88.png,4
captcha_5_89.png,4
captcha_5_9.png,4
captcha_5_90.png,4
captcha_5_91.png,4
captcha_5_92.png,4
captcha_5_93.png,4
captcha_5_94.png,4
captcha_5_95.png,4
captcha_5_96.png,4
captcha_5_97.png,4
captcha_5_98.png,4
captcha_5_99.png,4
captcha_6_0.png,5
captcha_6_1.png,5
captcha_6_10.png,5
captcha_6_100.png,5
captcha_6_101.png,5
captcha_6_102.png,5
captcha_6_103.png,5
captcha_6_104.png,5
captcha_6_105.png,5
captcha_6_106.png,5
captcha_6_107.png,5
captcha_6_108.png,5
captcha_6_109.png,5
captcha_6_11.png,5
captcha_6_110.png,5
captcha_6_111.png,5
captcha_6_112.png,5
captcha_6_113.png,5
captcha_6_114.png,5
captcha_6_115.png,5
captcha_6_116.png,5
captcha_6_117.png,5
captcha_6_118.png,5
captcha_6_119.png,5
captcha_6_12.png,5
captcha_6_120.png,5
captcha_6_121.png,5
captcha_6_122.png,5
captcha_6_123.png,5
captcha_6_124.png,5
captcha_6_125.png,5
captcha_6_126.png,5
captcha_6_127.png,5
captcha_6_128.png,5
captcha_6_129.png,5
captcha_6_13.png,5
captcha_6_130.png,5
captcha_6_131.png,5
captcha_6_132.png,5
captcha_6_133.png,5
captcha_6_134.png,5
captcha_6_135.png,5
captcha_6_136.png,5
captcha_6_137.png,5
captcha_6_138.png,5
captcha_6_139.png,5
captcha_6_14.png,5
captcha_6_140.png,5
captcha_6_141.png,5
captcha_6_142.png,5
captcha_6_143.png,5
captcha_6_144.png,5
captcha_6_145.png,5
captcha_6_146.png,5
captcha_6_147.png,5
captcha_6_148.png,5
captcha_6_149.png,5
captcha_6_15.png,5
captcha_6_150.png,5
captcha_6_151.png,5
captcha_6_152.png,5
captcha_6_153.png,5
captcha_6_154.png,5
captcha_6_155.png,5
captcha_6_156.png,5
captcha_6_157.png,5
captcha_6_158.png,5
captcha_6_159.png,5
captcha_6_16.png,5
captcha_6_160.png,5
captcha_6_161.png,5
captcha_6_162.png,5
captcha_6_163.png,5
captcha_6_164.png,5
captcha_6_17.png,5
captcha_6_18.png,5
captcha_6_19.png,5
captcha_6_2.png,5
captcha_6_20.png,5
captcha_6_21.png,5
captcha_6_22.png,5
captcha_6_23.png,5
captcha_6_24.png,5
captcha_6_25.png,5
captcha_6_26.png,5
captcha_6_27.png,5
captcha_6_28.png,5
captcha_6_29.png,5
captcha_6_3.png,5
captcha_6_30.png,5
captcha_6_31.png,5
captcha_6_32.png,5
captcha_6_33.png,5
captcha_6_34.png,5
captcha_6_35.png,5
captcha_6_36.png,5
captcha_6_37.png,5
captcha_6_38.png,5
captcha_6_39.png,5
captcha_6_4.png,5
captcha_6_40.png,5
captcha_6_41.png,5
captcha_6_42.png,5
captcha_6_43.png,5
captcha_6_44.png,5
captcha_6_45.png,5
captcha_6_46.png,5
captcha_6_47.png,5
captcha_6_48.png,5
captcha_6_49.png,5
captcha_6_5.png,5
captcha_6_50.png,5
captcha_6_51.png,5
captcha_6_52.png,5
captcha_6_53.png,5
captcha_6_54.png,5
captcha_6_55.png,5
captcha_6_56.png,5
captcha_6_57.png,5
captcha_6_58.png,5
captcha_6_59.png,5
captcha_6_6.png,5
captcha_6_60.png,5
captcha_6_61.png,5
captcha_6_62.png,5
captcha_6_63.png,5
captcha_6_64.png,5
captcha_6_65.png,5
captcha_6_66.png,5
captcha_6_67.png,5
captcha_6_68.png,5
captcha_6_69.png,5
captcha_6_7.png,5
captcha_6_70.png,5
captcha_6_71.png,5
captcha_6_72.png,5
captcha_6_73.png,5
captcha_6_77.png,5
captcha_6_78.png,5
captcha_6_79.png,5
captcha_6_8.png,5
captcha_6_80.png,5
captcha_6_81.png,5
captcha_6_82.png,5
captcha_6_83.png,5
captcha_6_84.png,5
captcha_6_85.png,5
captcha_6_86.png,5
captcha_6_87.png,5
captcha_6_88.png,5
captcha_6_89.png,5
captcha_6_9.png,5
captcha_6_90.png,5
captcha_6_91.png,5
captcha_6_92.png,5
captcha_6_93.png,5
captcha_6_94.png,5
captcha_6_95.png,5
captcha_6_96.png,5
captcha_6_97.png,5
captcha_6_98.png,5
captcha_6_99.png,5
captcha_7_0.png,6
captcha_7_1.png,6
captcha_7_10.png,6
captcha_7_100.png,6
captcha_7_101.png,6
captcha_7_102.png,6
captcha_7_103.png,6
captcha_7_104.png,6
captcha_7_105.png,6
captcha_7_106.png,6
captcha_7_107.png,6
captcha_7_108.png,6
captcha_7_109.png,6
captcha_7_11.png,6
captcha_7_12.png,6
captcha_7_13.png,6
captcha_7_14.png,6
captcha_7_15.png,6
captcha_7_16.png,6
captcha_7_17.png,6
captcha_7_18.png,6
captcha_7_19.png,6
captcha_7_2.png,6
captcha_7_20.png,6
captcha_7_21.png,6
captcha_7_22.png,6
captcha_7_23.png,6
captcha_7_24.png,6
captcha_7_25.png,6
captcha_7_26.png,6
captcha_7_27.png,6
captcha_7_28.png,6
captcha_7_29.png,6
captcha_7_3.png,6
captcha_7_30.png,6
captcha_7_31.png,6
captcha_7_32.png,6
captcha_7_33.png,6
captcha_7_34.png,6
captcha_7_35.png,6
captcha_7_36.png,6
captcha_7_37.png,6
captcha_7_38.png,6
captcha_7_39.png,6
captcha_7_4.png,6
captcha_7_40.png,6
captcha_7_41.png,6
captcha_7_42.png,6
captcha_7_43.png,6
captcha_7_44.png,6
captcha_7_45.png,6
captcha_7_46.png,6
captcha_7_47.png,6
captcha_7_48.png,6
captcha_7_49.png,6
captcha_7_5.png,6
captcha_7_50.png,6
captcha_7_51.png,6
captcha_7_52.png,6
captcha_7_53.png,6
captcha_7_54.png,6
captcha_7_55.png,6
captcha_7_56.png,6
captcha_7_57.png,6
captcha_7_58.png,6
captcha_7_59.png,6
captcha_7_6.png,6
captcha_7_60.png,6
captcha_7_61.png,6
captcha_7_62.png,6
captcha_7_63.png,6
captcha_7_64.png,6
captcha_7_65.png,6
captcha_7_66.png,6
captcha_7_67.png,6
captcha_7_68.png,6
captcha_7_69.png,6
captcha_7_7.png,6
captcha_7_70.png,6
captcha_7_71.png,6
captcha_7_72.png,6
captcha_7_73.png,6
captcha_7_74.png,6
captcha_7_75.png,6
captcha_7_76.png,6
captcha_7_77.png,6
captcha_7_78.png,6
captcha_7_79.png,6
captcha_7_8.png,6
captcha_7_80.png,6
captcha_7_81.png,6
captcha_7_82.png,6
captcha_7_83.png,6
captcha_7_84.png,6
captcha_7_85.png,6
captcha_7_86.png,6
captcha_7_87.png,6
captcha_7_88.png,6
captcha_7_89.png,6
captcha_7_9.png,6
captcha_7_90.png,6
captcha_7_91.png,6
captcha_7_92.png,6
captcha_7_93.png,6
captcha_7_94.png,6
captcha_7_95.png,6
captcha_7_96.png,6
captcha_7_97.png,6
captcha_7_98.png,6
captcha_7_99.png,6
captcha_8_0.png,7
captcha_8_1.png,7
captcha_8_10.png,7
captcha_8_100.png,7
captcha_8_101.png,7
captcha_8_102.png,7
captcha_8_103.png,7
captcha_8_104.png,7
captcha_8_105.png,7
captcha_8_106.png,7
captcha_8_107.png,7
captcha_8_108.png,7
captcha_8_109.png,7
captcha_8_11.png,7
captcha_8_110.png,7
captcha_8_111.png,7
captcha_8_112.png,7
captcha_8_113.png,7
captcha_8_114.png,7
captcha_8_115.png,7
captcha_8_116.png,7
captcha_8_117.png,7
captcha_8_118.png,7
captcha_8_119.png,7
captcha_8_12.png,7
captcha_8_120.png,7
captcha_8_121.png,7
captcha_8_122.png,7
captcha_8_123.png,7
captcha_8_124.png,7
captcha_8_125.png,7
captcha_8_126.png,7
captcha_8_127.png,7
captcha_8_128.png,7
captcha_8_129.png,7
captcha_8_13.png,7
captcha_8_130.png,7
captcha_8_131.png,7
captcha_8_132.png,7
captcha_8_133.png,7
captcha_8_134.png,7
captcha_8_135.png,7
captcha_8_136.png,7
captcha_8_14.png,7
captcha_8_15.png,7
captcha_8_16.png,7
captcha_8_17.png,7
captcha_8_18.png,7
captcha_8_19.png,7
captcha_8_2.png,7
captcha_8_20.png,7
captcha_8_21.png,7
captcha_8_22.png,7
captcha_8_23.png,7
captcha_8_24.png,7
captcha_8_25.png,7
captcha_8_26.png,7
captcha_8_27.png,7
captcha_8_28.png,7
captcha_8_29.png,7
captcha_8_3.png,7
captcha_8_30.png,7
captcha_8_31.png,7
captcha_8_32.png,7
captcha_8_33.png,7
captcha_8_34.png,7
captcha_8_35.png,7
captcha_8_36.png,7
captcha_8_37.png,7
captcha_8_38.png,7
captcha_8_39.png,7
captcha_8_4.png,7
captcha_8_40.png,7
captcha_8_41.png,7
captcha_8_42.png,7
captcha_8_43.png,7
captcha_8_44.png,7
captcha_8_45.png,7
captcha_8_46.png,7
captcha_8_47.png,7
captcha_8_48.png,7
captcha_8_49.png,7
captcha_8_5.png,7
captcha_8_50.png,7
captcha_8_51.png,7
captcha_8_52.png,7
captcha_8_53.png,7
captcha_8_54.png,7
captcha_8_55.png,7
captcha_8_56.png,7
captcha_8_57.png,7
captcha_8_58.png,7
captcha_8_59.png,7
captcha_8_6.png,7
captcha_8_60.png,7
captcha_8_61.png,7
captcha_8_62.png,7
captcha_8_63.png,7
captcha_8_64.png,7
captcha_8_65.png,7
captcha_8_66.png,7
captcha_8_67.png,7
captcha_8_68.png,7
captcha_8_69.png,7
captcha_8_7.png,7
captcha_8_70.png,7
captcha_8_71.png,7
captcha_8_72.png,7
captcha_8_73.png,7
captcha_8_74.png,7
captcha_8_75.png,7
captcha_8_76.png,7
captcha_8_77.png,7
captcha_8_78.png,7
captcha_8_79.png,7
captcha_8_8.png,7
captcha_8_80.png,7
captcha_8_81.png,7
captcha_8_82.png,7
captcha_8_83.png,7
captcha_8_84.png,7
captcha_8_85.png,7
captcha_8_86.png,7
captcha_8_87.png,7
captcha_8_88.png,7
captcha_8_89.png,7
captcha_8_9.png,7
captcha_8_90.png,7
captcha_8_91.png,7
captcha_8_92.png,7
captcha_8_93.png,7
captcha_8_94.png,7
captcha_8_95.png,7
captcha_8_96.png,7
captcha_8_97.png,7
captcha_8_98.png,7
captcha_8_99.png,7
captcha_empty_0.png,9
captcha_empty_1.png,9
captcha_empty_10.png,9
captcha_empty_100.png,9
captcha_empty_101.png,9
captcha_empty_102.png,9
captcha_empty_103.png,9
captcha_empty_104.png,9
captcha_empty_105.png,9
captcha_empty_106.png,9
captcha_empty_107.png,9
captcha_empty_108.png,9
captcha_empty_109.png,9
captcha_empty_11.png,9
captcha_empty_110.png,9
captcha_empty_111.png,9
captcha_empty_112.png,9
captcha_empty_113.png,9
captcha_empty_114.png,9
captcha_empty_115.png,9
captcha_empty_116.png,9
captcha_empty_117.png,9
captcha_empty_118.png,9
captcha_empty_119.png,9
captcha_empty_12.png,9
captcha_empty_120.png,9
captcha_empty_121.png,9
captcha_empty_122.png,9
captcha_empty_123.png,9
captcha_empty_124.png,9
captcha_empty_125.png,9
captcha_empty_126.png,9
captcha_empty_127.png,9
captcha_empty_128.png,9
captcha_empty_129.png,9
captcha_empty_13.png,9
captcha_empty_130.png,9
captcha_empty_131.png,9
captcha_empty_132.png,9
captcha_empty_133.png,9
captcha_empty_134.png,9
captcha_empty_135.png,9
captcha_empty_136.png,9
captcha_empty_137.png,9
captcha_empty_138.png,9
captcha_empty_139.png,9
captcha_empty_14.png,9
captcha_empty_140.png,9
captcha_empty_141.png,9
captcha_empty_142.png,9
captcha_empty_143.png,9
captcha_empty_144.png,9
captcha_empty_145.png,9
captcha_empty_146.png,9
captcha_empty_147.png,9
captcha_empty_148.png,9
captcha_empty_149.png,9
captcha_empty_15.png,9
captcha_empty_150.png,9
captcha_empty_151.png,9
captcha_empty_152.png,9
captcha_empty_153.png,9
captcha_empty_154.png,9
captcha_empty_155.png,9
captcha_empty_156.png,9
captcha_empty_157.png,9
captcha_empty_158.png,9
captcha_empty_159.png,9
captcha_empty_16.png,9
captcha_empty_160.png,9
captcha_empty_161.png,9
captcha_empty_162.png,9
captcha_empty_163.png,9
captcha_empty_164.png,9
captcha_empty_165.png,9
captcha_empty_166.png,9
captcha_empty_167.png,9
captcha_empty_168.png,9
captcha_empty_169.png,9
captcha_empty_17.png,9
captcha_empty_170.png,9
captcha_empty_171.png,9
captcha_empty_172.png,9
captcha_empty_173.png,9
captcha_empty_18.png,9
captcha_empty_19.png,9
captcha_empty_2.png,9
captcha_empty_20.png,9
captcha_empty_21.png,9
captcha_empty_22.png,9
captcha_empty_23.png,9
captcha_empty_24.png,9
captcha_empty_25.png,9
captcha_empty_26.png,9
captcha_empty_27.png,9
captcha_empty_28.png,9
captcha_empty_29.png,9
captcha_empty_3.png,9
captcha_empty_30.png,9
captcha_empty_31.png,9
captcha_empty_32.png,9
captcha_empty_33.png,9
captcha_empty_34.png,9
captcha_empty_35.png,9
captcha_empty_36.png,9
captcha_empty_37.png,9
captcha_empty_38.png,9
captcha_empty_39.png,9
captcha_empty_4.png,9
captcha_empty_40.png,9
captcha_empty_41.png,9
captcha_empty_42.png,9
captcha_empty_43.png,9
captcha_empty_44.png,9
captcha_empty_45.png,9
captcha_empty_46.png,9
captcha_empty_47.png,9
captcha_empty_48.png,9
captcha_empty_49.png,9
captcha_empty_5.png,9
captcha_empty_50.png,9
captcha_empty_51.png,9
captcha_empty_52.png,9
captcha_empty_53.png,9
captcha_empty_54.png,9
captcha_empty_55.png,9
captcha_empty_56.png,9
captcha_empty_57.png,9
captcha_empty_58.png,9
captcha_empty_59.png,9
captcha_empty_6.png,9
captcha_empty_60.png,9
captcha_empty_61.png,9
captcha_empty_62.png,9
captcha_empty_63.png,9
captcha_empty_64.png,9
captcha_empty_65.png,9
captcha_empty_66.png,9
captcha_empty_67.png,9
captcha_empty_68.png,9
captcha_empty_69.png,9
captcha_empty_7.png,9
captcha_empty_70.png,9
captcha_empty_71.png,9
captcha_empty_72.png,9
captcha_empty_73.png,9
captcha_empty_74.png,9
captcha_empty_75.png,9
captcha_empty_76.png,9
captcha_empty_77.png,9
captcha_empty_78.png,9
captcha_empty_79.png,9
captcha_empty_8.png,9
captcha_empty_80.png,9
captcha_empty_81.png,9
captcha_empty_82.png,9
captcha_empty_83.png,9
captcha_empty_84.png,9
captcha_empty_85.png,9
captcha_empty_86.png,9
captcha_empty_87.png,9
captcha_empty_88.png,9
captcha_empty_89.png,9
captcha_empty_9.png,9
captcha_empty_90.png,9
captcha_empty_91.png,9
captcha_empty_92.png,9
captcha_empty_93.png,9
captcha_empty_94.png,9
captcha_empty_95.png,9
captcha_empty_96.png,9
captcha_empty_97.png,9
captcha_empty_98.png,9
captcha_empty_99.png,9
captcha_x_0.png,8
captcha_x_1.png,8
captcha_x_10.png,8
captcha_x_11.png,8
captcha_x_12.png,8
captcha_x_13.png,8
captcha_x_14.png,8
captcha_x_15.png,8
captcha_x_16.png,8
captcha_x_17.png,8
captcha_x_18.png,8
captcha_x_19.png,8
captcha_x_2.png,8
captcha_x_20.png,8
captcha_x_21.png,8
captcha_x_22.png,8
captcha_x_23.png,8
captcha_x_24.png,8
captcha_x_25.png,8
captcha_x_26.png,8
captcha_x_27.png,8
captcha_x_28.png,8
captcha_x_29.png,8
captcha_x_3.png,8
captcha_x_30.png,8
captcha_x_31.png,8
captcha_x_32.png,8
captcha_x_33.png,8
captcha_x_34.png,8
captcha_x_35.png,8
captcha_x_36.png,8
captcha_x_37.png,8
captcha_x_38.png,8
captcha_x_39.png,8
captcha_x_4.png,8
captcha_x_40.png,8
captcha_x_41.png,8
captcha_x_42.png,8
captcha_x_43.png,8
captcha_x_44.png,8
captcha_x_45.png,8
captcha_x_46.png,8
captcha_x_47.png,8
captcha_x_48.png,8
captcha_x_49.png,8
captcha_x_5.png,8
captcha_x_50.png,8
captcha_x_51.png,8
captcha_x_52.png,8
captcha_x_53.png,8
captcha_x_54.png,8
captcha_x_55.png,8
captcha_x_56.png,8
captcha_x_57.png,8
captcha_x_58.png,8
captcha_x_59.png,8
captcha_x_6.png,8
captcha_x_60.png,8
captcha_x_61.png,8
captcha_x_62.png,8
captcha_x_63.png,8
captcha_x_64.png,8
captcha_x_65.png,8
captcha_x_66.png,8
captcha_x_7.png,8
captcha_x_8.png,8
captcha_x_9.png,8
captcha1.png,0
captcha2.png,0
captcha3.png,8
captcha4.png,8
captcha5.png,8
captcha6.png,8
captcha7.png,0
captcha8.png,4
captcha9.png,3
captcha10.png,0
captcha11.png,5
captcha12.png,7
captcha13.png,1
captcha14.png,1
captcha15.png,4
captcha16.png,2
captcha17.png,8
captcha18.png,8
captcha19.png,8
captcha20.png,1
captcha21.png,1
captcha22.png,4
captcha23.png,3
captcha24.png,2
captcha25.png,6
captcha26.png,2
captcha27.png,5
captcha28.png,5
captcha29.png,1
captcha30.png,4
captcha31.png,7
captcha32.png,3
captcha33.png,2
captcha34.png,3
captcha35.png,8
captcha36.png,8
captcha37.png,6
captcha38.png,8
captcha39.png,8
captcha40.png,1
captcha41.png,8
captcha42.png,1
captcha43.png,1
captcha44.png,0
captcha45.png,3
captcha46.png,4
captcha47.png,2
captcha48.png,6
captcha49.png,7
captcha50.png,5
captcha51.png,0
captcha52.png,2
captcha53.png,8
captcha54.png,8
captcha55.png,0
captcha56.png,4
captcha57.png,8
captcha58.png,5
captcha59.png,1
captcha60.png,2
captcha61.png,6
captcha62.png,3
captcha63.png,7
captcha64.png,1
captcha65.png,5
captcha66.png,2
captcha67.png,4
captcha68.png,5
captcha69.png,7
captcha70.png,3
captcha71.png,6
captcha72.png,1
captcha73.png,0
captcha74.png,2
captcha75.png,8
captcha76.png,8
captcha77.png,5
captcha78.png,8
captcha79.png,8
captcha80.png,4
captcha81.png,1